Name,Gene(s),Protein change,Condition(s),Accession,GRCh37Chromosome,GRCh37Location,GRCh38Chromosome,GRCh38Location,VariationID,AlleleID(s),dbSNP ID,Canonical SPDI,Variant type,Molecular consequence,Germline classification,Germline date last evaluated,Germline review status,Somatic clinical impact,Somatic clinical impact date last evaluated,Somatic clinical impact review status,Oncogenicity classification,Oncogenicity date last evaluated,Oncogenicity review status,Unnamed: 24
NM_000161.3(GCH1):c.753A>G (p.Ter251Trp),GCH1,,Dystonia 5|GTP cyclohydrolase I deficiency,VCV003756644,14,55310735,14,54844017,3756644,3866393,,NC_000014.9:54844016:T:C,single nucleotide variant,stop lost|intron variant,Uncertain significance,"Jul 2, 2024","criteria provided, single submitter",,,,,,,
NM_000161.3(GCH1):c.753A>C (p.Ter251Cys),GCH1,,GTP cyclohydrolase I deficiency|Dystonia 5,VCV000459901,14,55310735,14,54844017,459901,464163,rs1555358379,NC_000014.9:54844016:T:G,single nucleotide variant,stop lost|intron variant,Uncertain significance,"Jan 24, 2018","criteria provided, single submitter",,,,,,,
NM_000161.3(GCH1):c.750C>T (p.Ser250=),GCH1,,Dystonia 5|GTP cyclohydrolase I deficiency,VCV002937916,14,55310738,14,54844020,2937916,3106048,rs2039600418,NC_000014.9:54844019:G:A,single nucleotide variant,synonymous variant|intron variant,Uncertain significance,"Jun 27, 2023","criteria provided, single submitter",,,,,,,
NM_000161.3(GCH1):c.749G>T (p.Ser250Ile),GCH1,"S250I, S152I",Dystonia 5|GTP cyclohydrolase I deficiency,VCV004785877,14,55310739,14,54844021,4785877,4896704,,NC_000014.9:54844020:C:A,single nucleotide variant,missense variant|intron variant,Uncertain significance,"Aug 18, 2025","criteria provided, single submitter",,,,,,,
NM_000161.3(GCH1):c.748A>G (p.Ser250Gly),GCH1,"S152G, S250G",not provided,VCV003364584,14,55310740,14,54844022,3364584,3523791,,NC_000014.9:54844021:T:C,single nucleotide variant,missense variant|intron variant,Uncertain significance,"Nov 17, 2023","criteria provided, single submitter",,,,,,,
NM_000161.3(GCH1):c.748A>T (p.Ser250Cys),GCH1,S250C,not specified,VCV000447376,14,55310740,14,54844022,447376,441651,rs748132792,NC_000014.9:54844021:T:A,single nucleotide variant,missense variant|intron variant,Uncertain significance,"Mar 8, 2017","criteria provided, single submitter",,,,,,,
NM_000161.3(GCH1):c.747G>T (p.Arg249Ser),GCH1,"R151S, R249S",Dystonia 5|GTP cyclohydrolase I deficiency,VCV003761586,14,55310741,14,54844023,3761586,3873899,,NC_000014.9:54844022:C:A,single nucleotide variant,missense variant|intron variant,Uncertain significance,"Jun 7, 2024","criteria provided, single submitter",,,,,,,
NM_000161.3(GCH1):c.747G>C (p.Arg249Ser),GCH1,R249S,not specified,VCV000009286,14,55310741,14,54844023,9286,24325,rs104894442,NC_000014.9:54844022:C:G,single nucleotide variant,missense variant|intron variant,Uncertain significance,"Feb 21, 2025","criteria provided, multiple submitters, no conflicts",,,,,,,
NM_000161.3(GCH1):c.737C>T (p.Thr246Ile),GCH1,T246I,GTP cyclohydrolase I deficiency|Dystonia 5|Dystonia 5,VCV001392022,14,55310751,14,54844033,1392022,1409363,rs989328098,NC_000014.9:54844032:G:A,single nucleotide variant,missense variant|intron variant,Uncertain significance,"Oct 10, 2025","criteria provided, multiple submitters, no conflicts",,,,,,,
NM_000161.3(GCH1):c.734T>C (p.Leu245Pro),GCH1,L245P,not provided,VCV001191883,14,55310754,14,54844036,1191883,1181174,rs2140038736,NC_000014.9:54844035:A:G,single nucleotide variant,missense variant|intron variant,Uncertain significance,"Apr 26, 2023","criteria provided, single submitter",,,,,,,
NM_000161.3(GCH1):c.730T>C (p.Phe244Leu),GCH1,"F146L, F244L",not provided,VCV004076598,14,55310758,14,54844040,4076598,4189280,,NC_000014.9:54844039:A:G,single nucleotide variant,missense variant|intron variant,Uncertain significance,"Feb 19, 2025","criteria provided, single submitter",,,,,,,
NM_000161.3(GCH1):c.721C>T (p.Arg241Trp),GCH1,"R241W, R143W",Dystonia 5|GTP cyclohydrolase I deficiency,VCV002925515,14,55310767,14,54844049,2925515,3086395,rs1375209791,NC_000014.9:54844048:G:A,single nucleotide variant,missense variant|intron variant,Uncertain significance,"May 3, 2023","criteria provided, single submitter",,,,,,,
NM_000161.3(GCH1):c.712C>A (p.Pro238Thr),GCH1,P238T,Dystonia 5|GTP cyclohydrolase I deficiency,VCV001482272,14,55310776,14,54844058,1482272,1445508,rs2140038781,NC_000014.9:54844057:G:T,single nucleotide variant,missense variant|intron variant,Uncertain significance,"Jul 2, 2025","criteria provided, single submitter",,,,,,,
NM_000161.3(GCH1):c.709G>A (p.Asp237Asn),GCH1,D237N,GTP cyclohydrolase I deficiency|Dystonia 5,VCV001465627,14,55310779,14,54844061,1465627,1353859,rs2140038782,NC_000014.9:54844060:C:T,single nucleotide variant,missense variant|intron variant,Uncertain significance,"Aug 16, 2022","criteria provided, single submitter",,,,,,,
NM_000161.3(GCH1):c.704G>A (p.Arg235Gln),GCH1,R235Q,not provided|GTP cyclohydrolase I deficiency|Dystonia 5|Dystonia 5,VCV000522866,14,55310784,14,54844066,522866,513447,rs1555358380,NC_000014.9:54844065:C:T,single nucleotide variant,missense variant|intron variant,Uncertain significance,"Jan 12, 2026","criteria provided, multiple submitters, no conflicts",,,,,,,
NM_000161.3(GCH1):c.703C>T (p.Arg235Trp),GCH1,"R137W, R235W",not specified|GTP cyclohydrolase I deficiency|Dystonia 5,VCV003629548,14,55310785,14,54844067,3629548,3762228,,NC_000014.9:54844066:G:A,single nucleotide variant,missense variant|intron variant,Uncertain significance,"Jul 20, 2025","criteria provided, multiple submitters, no conflicts",,,,,,,
NM_000161.3(GCH1):c.695G>A (p.Gly232Asp),GCH1,G232D,GTP cyclohydrolase I deficiency|Dystonia 5,VCV001407807,14,55310793,14,54844075,1407807,1506686,rs2140038792,NC_000014.9:54844074:C:T,single nucleotide variant,missense variant|intron variant,Uncertain significance,"Apr 17, 2025","criteria provided, single submitter",,,,,,,
NM_000161.3(GCH1):c.694G>T (p.Gly232Cys),GCH1,"G134C, G232C",Dystonia 5,VCV003775782,14,55310794,14,54844076,3775782,3891929,,NC_000014.9:54844075:C:A,single nucleotide variant,missense variant|intron variant,Uncertain significance,"Nov 7, 2023","criteria provided, single submitter",,,,,,,
NM_000161.3(GCH1):c.694G>C (p.Gly232Arg),GCH1,G232R,not provided|Dystonia 5|GTP cyclohydrolase I deficiency,VCV002011764,14,55310794,14,54844076,2011764,2067141,rs2504336491,NC_000014.9:54844075:C:G,single nucleotide variant,missense variant|intron variant,Uncertain significance,"Jul 7, 2025","criteria provided, multiple submitters, no conflicts",,,,,,,
NM_000161.3(GCH1):c.693G>C (p.Leu231Phe),GCH1,"L133F, L231F",not specified,VCV003385121,14,55310795,14,54844077,3385121,3544263,,NC_000014.9:54844076:C:G,single nucleotide variant,missense variant|intron variant,Uncertain significance,"Oct 23, 2024","criteria provided, single submitter",,,,,,,
NM_000161.3(GCH1):c.690G>A (p.Met230Ile),GCH1,"M132I, M230I",GTP cyclohydrolase I deficiency|Dystonia 5,VCV004783773,14,55310798,14,54844080,4783773,4897565,,NC_000014.9:54844079:C:T,single nucleotide variant,missense variant|intron variant,Uncertain significance,"Aug 10, 2025","criteria provided, single submitter",,,,,,,
NM_000161.3(GCH1):c.679A>G (p.Thr227Ala),GCH1,"T129A, T227A",not specified,VCV003895695,14,55310809,14,54844091,3895695,4011569,,NC_000014.9:54844090:T:C,single nucleotide variant,missense variant|intron variant,Uncertain significance,"Mar 12, 2025","criteria provided, single submitter",,,,,,,
NM_000161.3(GCH1):c.677T>A (p.Val226Glu),GCH1,V226E,Dystonia 5|Inborn genetic diseases,VCV001285492,14,55310811,14,54844093,1285492,1275335,rs776426317,NC_000014.9:54844092:A:T,single nucleotide variant,missense variant|intron variant,Uncertain significance,"Dec 28, 2023","criteria provided, multiple submitters, no conflicts",,,,,,,
NM_000161.3(GCH1):c.676G>C (p.Val226Leu),GCH1,V226L,GTP cyclohydrolase I deficiency|Dystonia 5,VCV001367478,14,55310812,14,54844094,1367478,1401328,rs2140038840,NC_000014.9:54844093:C:G,single nucleotide variant,missense variant|intron variant,Uncertain significance,"Aug 16, 2022","criteria provided, single submitter",,,,,,,
NM_000161.3(GCH1):c.671A>C (p.Lys224Thr),GCH1,"K126T, K224T",not specified,VCV003336544,14,55310817,14,54844099,3336544,3495221,,NC_000014.9:54844098:T:G,single nucleotide variant,missense variant|intron variant,Uncertain significance,"May 16, 2024","criteria provided, single submitter",,,,,,,
NM_000161.3(GCH1):c.669C>A (p.Ser223Arg),GCH1,S223R,not provided,VCV000804831,14,55310819,14,54844101,804831,793503,rs1594968409,NC_000014.9:54844100:G:T,single nucleotide variant,missense variant|intron variant,Uncertain significance,"Jan 11, 2019","criteria provided, single submitter",,,,,,,
NM_000161.3(GCH1):c.666C>T (p.Asn222=),GCH1,,Dystonia 5|GTP cyclohydrolase I deficiency,VCV002936189,14,55310822,14,54844104,2936189,3095269,rs773232145,NC_000014.9:54844103:G:A,single nucleotide variant,intron variant|synonymous variant,Uncertain significance,"Nov 19, 2023","criteria provided, single submitter",,,,,,,
NM_000161.3(GCH1):c.664A>T (p.Asn222Tyr),GCH1,N222Y,not provided,VCV001810004,14,55310824,14,54844106,1810004,1867008,rs2504336704,NC_000014.9:54844105:T:A,single nucleotide variant,missense variant|intron variant,Uncertain significance,"Aug 1, 2025","criteria provided, single submitter",,,,,,,
NM_000161.3(GCH1):c.661A>G (p.Met221Val),GCH1,M221V,GTP cyclohydrolase I deficiency|Dystonia 5,VCV001718545,14,55310827,14,54844109,1718545,1778905,rs2504336720,NC_000014.9:54844108:T:C,single nucleotide variant,missense variant|intron variant,Uncertain significance,"Oct 3, 2022","criteria provided, single submitter",,,,,,,
NM_000161.3(GCH1):c.650G>T (p.Gly217Val),GCH1,G217V,Dystonia 5|GTP cyclohydrolase I deficiency,VCV000967583,14,55310838,14,54844120,967583,957238,rs2039603046,NC_000014.9:54844119:C:A,single nucleotide variant,missense variant|intron variant,Uncertain significance,"Aug 27, 2021","criteria provided, single submitter",,,,,,,
NM_000161.3(GCH1):c.649G>A (p.Gly217Ser),GCH1,G217S,Dystonia 5,VCV001705529,14,55310839,14,54844121,1705529,1701615,rs2504336804,NC_000014.9:54844120:C:T,single nucleotide variant,missense variant|intron variant,Uncertain significance,"Sep 1, 2022","criteria provided, single submitter",,,,,,,
NM_000161.3(GCH1):c.647G>A (p.Arg216Gln),GCH1,"R118Q, R216Q",GTP cyclohydrolase I deficiency|Dystonia 5|not specified,VCV003907631,14,55310841,14,54844123,3907631,4023539,,NC_000014.9:54844122:C:T,single nucleotide variant,missense variant|intron variant,Uncertain significance,"Jun 19, 2025","criteria provided, multiple submitters, no conflicts",,,,,,,
NM_000161.3(GCH1):c.647G>C (p.Arg216Pro),GCH1,R216P,Dystonia 5|GTP cyclohydrolase I deficiency,VCV000849521,14,55310841,14,54844123,849521,841559,rs2039603118,NC_000014.9:54844122:C:G,single nucleotide variant,missense variant|intron variant,Uncertain significance,"Jan 26, 2019","criteria provided, single submitter",,,,,,,
NM_000161.3(GCH1):c.641T>C (p.Val214Ala),GCH1,V214A,Dystonia 5|GTP cyclohydrolase I deficiency,VCV001382601,14,55310847,14,54844129,1382601,1513075,rs2140038925,NC_000014.9:54844128:A:G,single nucleotide variant,missense variant|intron variant,Uncertain significance,"Mar 27, 2021","criteria provided, single submitter",,,,,,,
NM_000161.3(GCH1):c.635G>A (p.Cys212Tyr),GCH1,"C212Y, C114Y",Dystonia 5|GTP cyclohydrolase I deficiency,VCV002947287,14,55310853,14,54844135,2947287,3105760,rs2504336908,NC_000014.9:54844134:C:T,single nucleotide variant,missense variant|intron variant,Uncertain significance,"Apr 29, 2023","criteria provided, single submitter",,,,,,,
NM_000161.3(GCH1):c.634T>C (p.Cys212Arg),GCH1,C212R,Dystonia 5|GTP cyclohydrolase I deficiency,VCV000947799,14,55310854,14,54844136,947799,927103,rs2039604113,NC_000014.9:54844135:A:G,single nucleotide variant,missense variant|intron variant,Uncertain significance,"Mar 7, 2021","criteria provided, single submitter",,,,,,,
NM_000161.3(GCH1):c.626C>G (p.Thr209Arg),GCH1,"T111R, T209R",GTP cyclohydrolase I deficiency|Dystonia 5|not specified,VCV004688428,14,55312486,14,54845768,4688428,4799888,,NC_000014.9:54845767:G:C,single nucleotide variant,missense variant|intron variant,Uncertain significance,"Dec 10, 2025","criteria provided, multiple submitters, no conflicts",,,,,,,
NM_000161.3(GCH1):c.626C>T (p.Thr209Ile),GCH1,"T209I, T209M",not specified|GTP cyclohydrolase I deficiency|Dystonia 5|not provided,VCV000493143,14,55312486,14,54845768,493143,486106,rs141634133,NC_000014.9:54845767:G:A,single nucleotide variant,missense variant,Uncertain significance,"Dec 9, 2024","criteria provided, multiple submitters, no conflicts",,,,,,,
NM_000161.3(GCH1):c.625A>C (p.Thr209Pro),GCH1,"T111P, T209P",not provided|not specified,VCV003768185,14,55312487,14,54845769,3768185,3884346,,NC_000014.9:54845768:T:G,single nucleotide variant,missense variant|intron variant,Uncertain significance,"May 1, 2025","criteria provided, multiple submitters, no conflicts",,,,,,,
NM_000161.3(GCH1):c.621A>T (p.Glu207Asp),GCH1,E207D,Dystonia 5|GTP cyclohydrolase I deficiency,VCV001478019,14,55312491,14,54845773,1478019,1351527,rs2140041594,NC_000014.9:54845772:T:A,single nucleotide variant,missense variant,Uncertain significance,"Feb 10, 2022","criteria provided, single submitter",,,,,,,
NM_000161.3(GCH1):c.617T>C (p.Val206Ala),GCH1,V206A,Dystonia 5|GTP cyclohydrolase I deficiency,VCV001005253,14,55312495,14,54845777,1005253,995874,rs773159175,NC_000014.9:54845776:A:G,single nucleotide variant,missense variant,Uncertain significance,"Mar 24, 2020","criteria provided, single submitter",,,,,,,
NM_000161.3(GCH1):c.599C>G (p.Ala200Gly),GCH1,A200G,Inborn genetic diseases|Dystonia 5|GTP cyclohydrolase I deficiency,VCV002119566,14,55312513,14,54845795,2119566,2180046,rs2140041678,NC_000014.9:54845794:G:C,single nucleotide variant,missense variant,Uncertain significance,"May 21, 2024","criteria provided, multiple submitters, no conflicts",,,,,,,
NM_000161.3(GCH1):c.596C>T (p.Pro199Leu),GCH1,P199L,Dystonia 5|GTP cyclohydrolase I deficiency,VCV001418668,14,55312516,14,54845798,1418668,1490264,rs2140041686,NC_000014.9:54845797:G:A,single nucleotide variant,missense variant,Uncertain significance,"Oct 13, 2022","criteria provided, single submitter",,,,,,,
NM_000161.3(GCH1):c.593G>A (p.Arg198Gln),GCH1,R198Q,Dystonia 5|GTP cyclohydrolase I deficiency,VCV000641978,14,55312519,14,54845801,641978,642511,rs201238926,NC_000014.9:54845800:C:T,single nucleotide variant,missense variant,Uncertain significance,"Aug 21, 2025","criteria provided, single submitter",,,,,,,
NM_000161.3(GCH1):c.592C>T (p.Arg198Trp),GCH1,R198W,not provided|Dystonia 5|GTP cyclohydrolase I deficiency,VCV001303137,14,55312520,14,54845802,1303137,1293415,rs752447862,NC_000014.9:54845801:G:A,single nucleotide variant,missense variant,Uncertain significance,"Sep 8, 2025","criteria provided, multiple submitters, no conflicts",,,,,,,
NM_000161.3(GCH1):c.591G>C (p.Leu197Phe),GCH1,"L197F, L99F",Dystonia 5|GTP cyclohydrolase I deficiency,VCV002945953,14,55312521,14,54845803,2945953,3101833,rs2504343201,NC_000014.9:54845802:C:G,single nucleotide variant,missense variant|intron variant,Uncertain significance,"Oct 3, 2023","criteria provided, single submitter",,,,,,,
NM_000161.3(GCH1):c.586G>T (p.Ala196Ser),GCH1,A196S,Dystonia 5|GTP cyclohydrolase I deficiency|Dystonia 5,VCV000009284,14,55312526,14,54845808,9284,24323,rs104894436,NC_000014.9:54845807:C:A,single nucleotide variant,missense variant,Uncertain significance,"Jun 3, 2025","criteria provided, multiple submitters, no conflicts",,,,,,,
NM_000161.3(GCH1):c.585A>C (p.Glu195Asp),GCH1,E195D,Inborn genetic diseases|not provided,VCV000391248,14,55312527,14,54845809,391248,373120,rs1057524015,NC_000014.9:54845808:T:G,single nucleotide variant,missense variant,Uncertain significance,"Mar 31, 2024","criteria provided, multiple submitters, no conflicts",,,,,,,
NM_000161.3(GCH1):c.581C>T (p.Thr194Met),GCH1,T194M,GTP cyclohydrolase I deficiency|Dystonia 5,VCV002070680,14,55312531,14,54845813,2070680,2129905,rs1008663334,NC_000014.9:54845812:G:A,single nucleotide variant,missense variant,Uncertain significance,"Mar 11, 2025","criteria provided, single submitter",,,,,,,
NM_000161.3(GCH1):c.575C>T (p.Ala192Val),GCH1,"A94V, A192V",Dystonia 5|GTP cyclohydrolase I deficiency,VCV002924823,14,55312537,14,54845819,2924823,3089602,rs2504343337,NC_000014.9:54845818:G:A,single nucleotide variant,missense variant|intron variant,Uncertain significance,"Dec 14, 2022","criteria provided, single submitter",,,,,,,
NM_000161.3(GCH1):c.571G>A (p.Val191Ile),GCH1,V191I,GTP cyclohydrolase I deficiency|Dystonia 5|not specified|Dystonia 5,VCV001333858,14,55312541,14,54845823,1333858,1324628,rs762208304,NC_000014.9:54845822:C:T,single nucleotide variant,missense variant,Uncertain significance,"Jul 15, 2025","criteria provided, multiple submitters, no conflicts",,,,,,,
NM_000161.3(GCH1):c.554T>G (p.Leu185Arg),GCH1,"L185R, L87R",not specified,VCV004689489,14,55312558,14,54845840,4689489,4800946,,NC_000014.9:54845839:A:C,single nucleotide variant,missense variant|intron variant,Uncertain significance,"Jan 12, 2026","criteria provided, single submitter",,,,,,,
NM_000161.3(GCH1):c.541G>A (p.Val181Ile),GCH1,V181I,Dystonia 5|GTP cyclohydrolase I deficiency,VCV002137590,14,55313817,14,54847099,2137590,1874709,rs2504348355,NC_000014.9:54847098:C:T,single nucleotide variant,missense variant,Uncertain significance,"May 25, 2022","criteria provided, single submitter",,,,,,,
NM_000161.3(GCH1):c.536T>C (p.Leu179Pro),GCH1,"L179P, L81P",not provided,VCV003368181,14,55313822,14,54847104,3368181,3527379,,NC_000014.9:54847103:A:G,single nucleotide variant,missense variant|intron variant,Uncertain significance,"Jan 24, 2024","criteria provided, single submitter",,,,,,,
NM_000161.3(GCH1):c.533G>A (p.Arg178Lys),GCH1,"R178K, R80K",Dystonia 5|GTP cyclohydrolase I deficiency,VCV003761282,14,55313825,14,54847107,3761282,3879504,,NC_000014.9:54847106:C:T,single nucleotide variant,missense variant|intron variant,Uncertain significance,"Jul 11, 2024","criteria provided, single submitter",,,,,,,
NM_000161.3(GCH1):c.524A>G (p.Tyr175Cys),GCH1,"Y175C, Y77C",Intellectual disability,VCV004072147,14,55313834,14,54847116,4072147,4186019,,NC_000014.9:54847115:T:C,single nucleotide variant,missense variant|intron variant,Uncertain significance,"Apr 17, 2019","criteria provided, single submitter",,,,,,,
NM_000161.3(GCH1):c.524A>T (p.Tyr175Phe),GCH1,Y175F,Inborn genetic diseases|Dystonia 5|GTP cyclohydrolase I deficiency,VCV000576815,14,55313834,14,54847116,576815,568125,rs781250171,NC_000014.9:54847115:T:A,single nucleotide variant,missense variant,Uncertain significance,"Aug 19, 2025","criteria provided, multiple submitters, no conflicts",,,,,,,
NM_000161.3(GCH1):c.521T>C (p.Ile174Thr),GCH1,"I76T, I174T",Inborn genetic diseases,VCV003281005,14,55313837,14,54847119,3281005,3432786,,NC_000014.9:54847118:A:G,single nucleotide variant,missense variant|intron variant,Uncertain significance,"May 24, 2024","criteria provided, single submitter",,,,,,,
NM_000161.3(GCH1):c.520A>T (p.Ile174Phe),GCH1,"I174F, I76F",Inborn genetic diseases,VCV003281006,14,55313838,14,54847120,3281006,3432787,,NC_000014.9:54847119:T:A,single nucleotide variant,missense variant|intron variant,Uncertain significance,"Jun 2, 2024","criteria provided, single submitter",,,,,,,
NM_000161.3(GCH1):c.514G>C (p.Val172Leu),GCH1,"V172L, V74L",Dystonia 5|GTP cyclohydrolase I deficiency,VCV003758753,14,55313844,14,54847126,3758753,3876953,,NC_000014.9:54847125:C:G,single nucleotide variant,missense variant|intron variant,Uncertain significance,"Nov 12, 2024","criteria provided, single submitter",,,,,,,
NM_000161.3(GCH1):c.514G>A (p.Val172Ile),GCH1,V172I,GTP cyclohydrolase I deficiency with hyperphenylalaninemia,VCV001339055,14,55313844,14,54847126,1339055,1330098,rs1566660315,NC_000014.9:54847125:C:T,single nucleotide variant,missense variant,Uncertain significance,,"criteria provided, single submitter",,,,,,,
NM_000161.3(GCH1):c.514G>T (p.Val172Leu),GCH1,V172L,Dystonia 5|GTP cyclohydrolase I deficiency,VCV000583206,14,55313844,14,54847126,583206,572820,rs1566660315,NC_000014.9:54847125:C:A,single nucleotide variant,missense variant,Uncertain significance,"Jun 23, 2018","criteria provided, single submitter",,,,,,,
NM_000161.3(GCH1):c.508A>G (p.Arg170Gly),GCH1,R170G,GTP cyclohydrolase I deficiency|Dystonia 5,VCV001376166,14,55326400,14,54859682,1376166,1466699,rs2039865673,NC_000014.9:54859681:T:C,single nucleotide variant,missense variant,Uncertain significance,"Aug 4, 2025","criteria provided, single submitter",,,,,,,
NM_000161.3(GCH1):c.506C>G (p.Ala169Gly),GCH1,A169G,not provided|Dystonia 5|GTP cyclohydrolase I deficiency,VCV002160726,14,55326402,14,54859684,2160726,1894319,rs1362858344,NC_000014.9:54859683:G:C,single nucleotide variant,missense variant,Uncertain significance,"Mar 26, 2023","criteria provided, multiple submitters, no conflicts",,,,,,,
NM_000161.3(GCH1):c.493C>T (p.Leu165Phe),GCH1,L165F,Dystonia 5|GTP cyclohydrolase I deficiency,VCV002162170,14,55326415,14,54859697,2162170,1884558,rs755485677,NC_000014.9:54859696:G:A,single nucleotide variant,missense variant,Uncertain significance,"Oct 16, 2022","criteria provided, single submitter",,,,,,,
NM_000161.3(GCH1):c.491G>C (p.Gly164Ala),GCH1,"G66A, G164A",Dystonia 5|GTP cyclohydrolase I deficiency,VCV002949510,14,55326417,14,54859699,2949510,3109009,rs2504390482,NC_000014.9:54859698:C:G,single nucleotide variant,missense variant,Uncertain significance,"Sep 5, 2023","criteria provided, single submitter",,,,,,,
NM_000161.3(GCH1):c.481C>A (p.Gln161Lys),GCH1,Q161K,not provided,VCV001700876,14,55326427,14,54859709,1700876,1693269,rs1242519962,NC_000014.9:54859708:G:T,single nucleotide variant,missense variant,Uncertain significance,"Feb 14, 2022","criteria provided, single submitter",,,,,,,
NM_000161.3(GCH1):c.476A>G (p.Asn159Ser),GCH1,"N61S, N159S",Dystonia 5|GTP cyclohydrolase I deficiency,VCV002948981,14,55326432,14,54859714,2948981,3111251,rs2504390607,NC_000014.9:54859713:T:C,single nucleotide variant,missense variant,Uncertain significance,"Aug 17, 2023","criteria provided, single submitter",,,,,,,
NM_000161.3(GCH1):c.462T>G (p.Ile154Met),GCH1,I154M,Dystonia 5|GTP cyclohydrolase I deficiency,VCV000572454,14,55326446,14,54859728,572454,572826,rs1566665914,NC_000014.9:54859727:A:C,single nucleotide variant,missense variant,Uncertain significance,"Apr 18, 2024","criteria provided, single submitter",,,,,,,
NM_000161.3(GCH1):c.460A>G (p.Ile154Val),GCH1,I154V,Dystonia 5|GTP cyclohydrolase I deficiency,VCV002419021,14,55326448,14,54859730,2419021,1941587,rs373220294,NC_000014.9:54859729:T:C,single nucleotide variant,missense variant,Uncertain significance,"Mar 22, 2022","criteria provided, single submitter",,,,,,,
NM_000161.3(GCH1):c.458A>G (p.His153Arg),GCH1,"H55R, H153R",Dystonia 5|GTP cyclohydrolase I deficiency,VCV002925518,14,55326450,14,54859732,2925518,3086398,rs2504390690,NC_000014.9:54859731:T:C,single nucleotide variant,missense variant,Uncertain significance,"Feb 20, 2023","criteria provided, single submitter",,,,,,,
NM_000161.3(GCH1):c.452A>G (p.Lys151Arg),GCH1,K151R,Dystonia 5|GTP cyclohydrolase I deficiency,VCV001498088,14,55332046,14,54865328,1498088,1372728,rs2140073994,NC_000014.9:54865327:T:C,single nucleotide variant,missense variant,Uncertain significance,"Oct 31, 2021","criteria provided, single submitter",,,,,,,
NM_000161.3(GCH1):c.439C>T (p.Pro147Ser),GCH1,"P147S, P49S",not provided,VCV003571659,14,55332059,14,54865341,3571659,3730566,,NC_000014.9:54865340:G:A,single nucleotide variant,missense variant,Uncertain significance,"Mar 1, 2024","criteria provided, single submitter",,,,,,,
NM_000161.3(GCH1):c.439C>A (p.Pro147Thr),GCH1,"P147T, P49T",GTP cyclohydrolase I deficiency|Dystonia 5,VCV002940635,14,55332059,14,54865341,2940635,3100392,rs867158370,NC_000014.9:54865340:G:T,single nucleotide variant,missense variant,Uncertain significance,"Sep 30, 2022","criteria provided, single submitter",,,,,,,
NM_000161.3(GCH1):c.435G>T (p.Leu145Phe),GCH1,L145F,GTP cyclohydrolase I deficiency|Dystonia 5,VCV001407811,14,55332063,14,54865345,1407811,1506690,rs763677193,NC_000014.9:54865344:C:A,single nucleotide variant,missense variant,Uncertain significance,"Aug 20, 2021","criteria provided, single submitter",,,,,,,
NM_000161.3(GCH1):c.431A>G (p.His144Arg),GCH1,H144R,Inborn genetic diseases,VCV002554572,14,55332067,14,54865349,2554572,2722225,rs104894440,NC_000014.9:54865348:T:C,single nucleotide variant,missense variant,Uncertain significance,"May 31, 2023","criteria provided, single submitter",,,,,,,
NM_000161.3(GCH1):c.428A>G (p.His143Arg),GCH1,"H143R, H45R",not provided,VCV003343521,14,55332070,14,54865352,3343521,3502753,,NC_000014.9:54865351:T:C,single nucleotide variant,missense variant,Uncertain significance,"May 15, 2023","criteria provided, single submitter",,,,,,,
NM_000161.3(GCH1):c.423T>G (p.Cys141Trp),GCH1,C141W,GTP cyclohydrolase I deficiency|Dystonia 5,VCV001407812,14,55332075,14,54865357,1407812,1506691,rs2140074056,NC_000014.9:54865356:A:C,single nucleotide variant,missense variant,Uncertain significance,"Aug 29, 2021","criteria provided, single submitter",,,,,,,
NM_000161.3(GCH1):c.422G>C (p.Cys141Ser),GCH1,"C43S, C141S",GTP cyclohydrolase I deficiency|Dystonia 5,VCV004782624,14,55332076,14,54865358,4782624,4896024,,NC_000014.9:54865357:C:G,single nucleotide variant,missense variant,Uncertain significance,"Nov 16, 2025","criteria provided, single submitter",,,,,,,
NM_000161.3(GCH1):c.420G>A (p.Met140Ile),GCH1,M140I,not provided|Dystonia 5|GTP cyclohydrolase I deficiency,VCV001381363,14,55332078,14,54865360,1381363,1496326,rs1360081603,NC_000014.9:54865359:C:T,single nucleotide variant,missense variant,Uncertain significance,"Apr 29, 2022","criteria provided, multiple submitters, no conflicts",,,,,,,
NM_000161.3(GCH1):c.418A>G (p.Met140Val),GCH1,"M42V, M140V",Dystonia 5|GTP cyclohydrolase I deficiency,VCV002927553,14,55332080,14,54865362,2927553,3083236,rs2504412325,NC_000014.9:54865361:T:C,single nucleotide variant,missense variant,Uncertain significance,"Feb 15, 2024","criteria provided, single submitter",,,,,,,
NM_000161.3(GCH1):c.416C>T (p.Ser139Phe),GCH1,S139F,GTP cyclohydrolase I deficiency|Dystonia 5,VCV001367068,14,55332082,14,54865364,1367068,82681,rs144542994,NC_000014.9:54865363:G:A,single nucleotide variant,missense variant,Uncertain significance,"Jun 9, 2023","criteria provided, single submitter",,,,,,,
NM_000161.3(GCH1):c.401A>G (p.Asp134Gly),GCH1,"D36G, D134G",GTP cyclohydrolase I deficiency|Dystonia 5,VCV004783775,14,55332097,14,54865379,4783775,4897567,,NC_000014.9:54865378:T:C,single nucleotide variant,missense variant,Uncertain significance,"Jan 26, 2026","criteria provided, single submitter",,,,,,,
NM_000161.3(GCH1):c.394G>A (p.Val132Met),GCH1,"V132M, V34M",GTP cyclohydrolase I deficiency|Dystonia 5,VCV002940349,14,55332104,14,54865386,2940349,3103989,rs1359856164,NC_000014.9:54865385:C:T,single nucleotide variant,missense variant,Uncertain significance,"Jan 4, 2023","criteria provided, single submitter",,,,,,,
NM_000161.3(GCH1):c.377A>G (p.His126Arg),GCH1,"H126R, H28R",Dystonia 5,VCV004292938,14,55332121,14,54865403,4292938,4405464,,NC_000014.9:54865402:T:C,single nucleotide variant,missense variant,Uncertain significance,"Mar 24, 2025","criteria provided, single submitter",,,,,,,
NM_000161.3(GCH1):c.377A>T (p.His126Leu),GCH1,"H126L, H28L",GTP cyclohydrolase I deficiency with hyperphenylalaninemia,VCV004292450,14,55332121,14,54865403,4292450,4404980,,NC_000014.9:54865402:T:A,single nucleotide variant,missense variant,Uncertain significance,"Aug 8, 2024","criteria provided, single submitter",,,,,,,
NM_000161.3(GCH1):c.369T>G (p.Asp123Glu),GCH1,"D123E, D25E",Dystonia 5|GTP cyclohydrolase I deficiency,VCV003755687,14,55332129,14,54865411,3755687,3872696,,NC_000014.9:54865410:A:C,single nucleotide variant,missense variant,Uncertain significance,"Apr 25, 2024","criteria provided, single submitter",,,,,,,
NM_000161.3(GCH1):c.368A>G (p.Asp123Gly),GCH1,"D123G, D25G",GTP cyclohydrolase I deficiency|Dystonia 5,VCV004783110,14,55332130,14,54865412,4783110,4893934,,NC_000014.9:54865411:T:C,single nucleotide variant,missense variant,Uncertain significance,"Jul 2, 2025","criteria provided, single submitter",,,,,,,
NM_000161.3(GCH1):c.367G>A (p.Asp123Asn),GCH1,D123N,Dystonia 5|GTP cyclohydrolase I deficiency,VCV001415516,14,55332131,14,54865413,1415516,1375023,rs2140074143,NC_000014.9:54865412:C:T,single nucleotide variant,missense variant,Uncertain significance,"Sep 9, 2021","criteria provided, single submitter",,,,,,,
NM_000161.3(GCH1):c.366T>G (p.Phe122Leu),GCH1,F122L,GTP cyclohydrolase I deficiency|Dystonia 5|not provided,VCV001315346,14,55332132,14,54865414,1315346,1305607,rs2140074154,NC_000014.9:54865413:A:C,single nucleotide variant,missense variant,Uncertain significance,"May 23, 2024","criteria provided, multiple submitters, no conflicts",,,,,,,
NM_000161.3(GCH1):c.363A>G (p.Ile121Met),GCH1,"I23M, I121M",GTP cyclohydrolase I deficiency|Dystonia 5,VCV004793306,14,55332135,14,54865417,4793306,4904539,,NC_000014.9:54865416:T:C,single nucleotide variant,missense variant,Uncertain significance,"Nov 27, 2025","criteria provided, single submitter",,,,,,,
NM_000161.3(GCH1):c.361A>G (p.Ile121Val),GCH1,"I121V, I23V",GTP cyclohydrolase I deficiency|Dystonia 5,VCV002926135,14,55332137,14,54865419,2926135,3093070,rs1447471890,NC_000014.9:54865418:T:C,single nucleotide variant,missense variant,Uncertain significance,"Oct 21, 2025","criteria provided, single submitter",,,,,,,
NM_000161.3(GCH1):c.355G>A (p.Asp119Asn),GCH1,D119N,Dystonia 5|GTP cyclohydrolase I deficiency,VCV002155250,14,55332143,14,54865425,2155250,1882818,rs1221794990,NC_000014.9:54865424:C:T,single nucleotide variant,missense variant,Uncertain significance,"Jul 17, 2023","criteria provided, single submitter",,,,,,,
NM_000161.3(GCH1):c.343G>T (p.Asp115Tyr),GCH1,D115Y,Dystonia 5|GTP cyclohydrolase I deficiency,VCV004784733,14,55369039,14,54902321,4784733,4894267,,NC_000014.9:54902320:C:A,single nucleotide variant,missense variant,Uncertain significance,"Jun 16, 2025","criteria provided, single submitter",,,,,,,
NM_000161.3(GCH1):c.339C>G (p.Ile113Met),GCH1,I113M,GTP cyclohydrolase I deficiency|Dystonia 5,VCV004793498,14,55369043,14,54902325,4793498,4904731,,NC_000014.9:54902324:G:C,single nucleotide variant,missense variant,Uncertain significance,"Feb 17, 2025","criteria provided, single submitter",,,,,,,
NM_000161.3(GCH1):c.335C>G (p.Thr112Ser),GCH1,T112S,not provided,VCV003389258,14,55369047,14,54902329,3389258,3548383,,NC_000014.9:54902328:G:C,single nucleotide variant,missense variant,Uncertain significance,"Oct 1, 2024","criteria provided, single submitter",,,,,,,
NM_000161.3(GCH1):c.334A>G (p.Thr112Ala),GCH1,T112A,Dystonia 5|GTP cyclohydrolase I deficiency|GTP cyclohydrolase I deficiency|Dystonia 5,VCV000881376,14,55369048,14,54902330,881376,871958,rs199990434,NC_000014.9:54902329:T:C,single nucleotide variant,missense variant,Uncertain significance,"Oct 31, 2024","criteria provided, multiple submitters, no conflicts",,,,,,,
NM_000161.3(GCH1):c.328C>G (p.Gln110Glu),GCH1,Q110E,Dystonia 5|GTP cyclohydrolase I deficiency|Dystonia 5|GTP cyclohydrolase I deficiency with hyperphenylalaninemia|not provided,VCV000444330,14,55369054,14,54902336,444330,437970,rs748944982,NC_000014.9:54902335:G:C,single nucleotide variant,missense variant,Uncertain significance,"Nov 1, 2025","criteria provided, multiple submitters, no conflicts",,,,,,,
NM_000161.3(GCH1):c.321G>C (p.Lys107Asn),GCH1,K107N,GTP cyclohydrolase I deficiency|Dystonia 5,VCV000646153,14,55369061,14,54902343,646153,642513,rs1375057499,NC_000014.9:54902342:C:G,single nucleotide variant,missense variant,Uncertain significance,"Oct 14, 2022","criteria provided, single submitter",,,,,,,
NM_000161.3(GCH1):c.320A>G (p.Lys107Arg),GCH1,K107R,not provided,VCV000807115,14,55369062,14,54902344,807115,797038,rs1595031059,NC_000014.9:54902343:T:C,single nucleotide variant,missense variant,Uncertain significance,"May 1, 2019","criteria provided, single submitter",,,,,,,
NM_000161.3(GCH1):c.309G>C (p.Gln103His),GCH1,Q103H,Dystonia 5,VCV004293865,14,55369073,14,54902355,4293865,4406392,,NC_000014.9:54902354:C:G,single nucleotide variant,missense variant,Uncertain significance,"Nov 11, 2024","criteria provided, single submitter",,,,,,,
NM_000161.3(GCH1):c.308A>G (p.Gln103Arg),GCH1,Q103R,GTP cyclohydrolase I deficiency|Dystonia 5,VCV003753544,14,55369074,14,54902356,3753544,3875575,,NC_000014.9:54902355:T:C,single nucleotide variant,missense variant,Uncertain significance,"Jan 27, 2025","criteria provided, single submitter",,,,,,,
NM_000161.3(GCH1):c.304A>T (p.Met102Leu),GCH1,M102L,not specified,VCV004526031,14,55369078,14,54902360,4526031,4638429,,NC_000014.9:54902359:T:A,single nucleotide variant,missense variant,Uncertain significance,"Jul 9, 2025","criteria provided, single submitter",,,,,,,
NM_000161.3(GCH1):c.304A>G (p.Met102Val),GCH1,M102V,Inborn genetic diseases,VCV003519366,14,55369078,14,54902360,3519366,3677975,,NC_000014.9:54902359:T:C,single nucleotide variant,missense variant,Uncertain significance,"Aug 5, 2024","criteria provided, single submitter",,,,,,,
NM_000161.3(GCH1):c.301G>A (p.Ala101Thr),GCH1,A101T,not specified|not provided,VCV000423661,14,55369081,14,54902363,423661,409135,rs1064796560,NC_000014.9:54902362:C:T,single nucleotide variant,missense variant,Uncertain significance,"Aug 5, 2024","criteria provided, multiple submitters, no conflicts",,,,,,,
NM_000161.3(GCH1):c.299C>T (p.Ser100Leu),GCH1,S100L,GTP cyclohydrolase I deficiency with hyperphenylalaninemia|Dystonia 5|GTP cyclohydrolase I deficiency|Dystonia 5,VCV001391073,14,55369083,14,54902365,1391073,1489791,rs527416949,NC_000014.9:54902364:G:A,single nucleotide variant,missense variant,Uncertain significance,"Mar 16, 2024","criteria provided, multiple submitters, no conflicts",,,,,,,
NM_000161.3(GCH1):c.298T>C (p.Ser100Pro),GCH1,S100P,GTP cyclohydrolase I deficiency|Dystonia 5,VCV002081187,14,55369084,14,54902366,2081187,2142986,rs2504539183,NC_000014.9:54902365:A:G,single nucleotide variant,missense variant,Uncertain significance,"Sep 6, 2022","criteria provided, single submitter",,,,,,,
NM_000161.3(GCH1):c.295G>C (p.Ala99Pro),GCH1,A99P,Dystonia 5|GTP cyclohydrolase I deficiency|not provided,VCV001677659,14,55369087,14,54902369,1677659,1669349,rs1566687219,NC_000014.9:54902368:C:G,single nucleotide variant,missense variant,Uncertain significance,"Nov 22, 2022","criteria provided, multiple submitters, no conflicts",,,,,,,
NM_000161.3(GCH1):c.295G>T (p.Ala99Ser),GCH1,A99S,not provided,VCV000585906,14,55369087,14,54902369,585906,577350,rs1566687219,NC_000014.9:54902368:C:A,single nucleotide variant,missense variant,Uncertain significance,"Apr 16, 2018","criteria provided, single submitter",,,,,,,
NM_000161.3(GCH1):c.292G>C (p.Ala98Pro),GCH1,A98P,not specified,VCV004536648,14,55369090,14,54902372,4536648,4648137,,NC_000014.9:54902371:C:G,single nucleotide variant,missense variant,Uncertain significance,"Nov 17, 2025","criteria provided, single submitter",,,,,,,
NM_000161.3(GCH1):c.289A>T (p.Arg97Trp),GCH1,R97W,Dystonia 5|GTP cyclohydrolase I deficiency,VCV001498426,14,55369093,14,54902375,1498426,1395327,rs2140127094,NC_000014.9:54902374:T:A,single nucleotide variant,missense variant,Uncertain significance,"Apr 24, 2021","criteria provided, single submitter",,,,,,,
NM_000161.3(GCH1):c.284C>T (p.Pro95Leu),GCH1,P95L,not provided,VCV000284508,14,55369098,14,54902380,284508,268745,rs886042892,NC_000014.9:54902379:G:A,single nucleotide variant,missense variant,Uncertain significance,"Nov 13, 2015","criteria provided, single submitter",,,,,,,
NM_000161.3(GCH1):c.280A>T (p.Thr94Ser),GCH1,T94S,Dystonia 5,VCV003341094,14,55369102,14,54902384,3341094,3500331,,NC_000014.9:54902383:T:A,single nucleotide variant,missense variant,Uncertain significance,"Feb 10, 2025","criteria provided, single submitter",,,,,,,
NM_000161.3(GCH1):c.280A>G (p.Thr94Ala),GCH1,T94A,Dystonia 5|GTP cyclohydrolase I deficiency,VCV002953790,14,55369102,14,54902384,2953790,3113890,rs2504539278,NC_000014.9:54902383:T:C,single nucleotide variant,missense variant,Uncertain significance,"Nov 11, 2023","criteria provided, single submitter",,,,,,,
NM_000161.3(GCH1):c.279G>T (p.Lys93Asn),GCH1,K93N,Dystonia 5|GTP cyclohydrolase I deficiency|Inborn genetic diseases,VCV002257143,14,55369103,14,54902385,2257143,2240072,rs2040580789,NC_000014.9:54902384:C:A,single nucleotide variant,missense variant,Uncertain significance,"Mar 10, 2025","criteria provided, multiple submitters, no conflicts",,,,,,,
NM_000161.3(GCH1):c.278A>G (p.Lys93Arg),GCH1,K93R,Dystonia 5|GTP cyclohydrolase I deficiency,VCV003751212,14,55369104,14,54902386,3751212,3868231,,NC_000014.9:54902385:T:C,single nucleotide variant,missense variant,Uncertain significance,"Jan 19, 2025","criteria provided, single submitter",,,,,,,
NM_000161.3(GCH1):c.275T>C (p.Leu92Pro),GCH1,L92P,Dystonia 5,VCV002431742,14,55369107,14,54902389,2431742,2405246,rs2504539308,NC_000014.9:54902388:A:G,single nucleotide variant,missense variant,Uncertain significance,"Mar 8, 2022","criteria provided, single submitter",,,,,,,
NM_000161.3(GCH1):c.274C>T (p.Leu92Phe),GCH1,L92F,Dystonia 5|Dystonia 5|GTP cyclohydrolase I deficiency,VCV001028583,14,55369108,14,54902390,1028583,1017802,rs763294577,NC_000014.9:54902389:G:A,single nucleotide variant,missense variant,Uncertain significance,"Apr 3, 2024","criteria provided, multiple submitters, no conflicts",,,,,,,
NM_000161.3(GCH1):c.266A>G (p.Gln89Arg),GCH1,Q89R,GTP cyclohydrolase I deficiency|Dystonia 5,VCV001392607,14,55369116,14,54902398,1392607,1502510,rs2140127145,NC_000014.9:54902397:T:C,single nucleotide variant,missense variant,Uncertain significance,"Nov 11, 2021","criteria provided, single submitter",,,,,,,
NM_000161.3(GCH1):c.261G>T (p.Gln87His),GCH1,Q87H,GTP cyclohydrolase I deficiency|Dystonia 5,VCV002008327,14,55369121,14,54902403,2008327,2066277,rs2504539417,NC_000014.9:54902402:C:A,single nucleotide variant,missense variant,Uncertain significance,"Jun 19, 2022","criteria provided, single submitter",,,,,,,
NM_000161.3(GCH1):c.260A>C (p.Gln87Pro),GCH1,Q87P,Dystonia 5|GTP cyclohydrolase I deficiency|not provided,VCV000804830,14,55369122,14,54902404,804830,793504,rs1595031190,NC_000014.9:54902403:T:G,single nucleotide variant,missense variant,Uncertain significance,"Feb 18, 2021","criteria provided, multiple submitters, no conflicts",,,,,,,
NM_000161.3(GCH1):c.257C>G (p.Pro86Arg),GCH1,P86R,GTP cyclohydrolase I deficiency|Dystonia 5,VCV000529412,14,55369125,14,54902407,529412,528216,rs1555362836,NC_000014.9:54902406:G:C,single nucleotide variant,missense variant,Uncertain significance,"Oct 24, 2017","criteria provided, single submitter",,,,,,,
NM_000161.3(GCH1):c.250G>C (p.Glu84Gln),GCH1,E84Q,Dystonia 5|GTP cyclohydrolase I deficiency,VCV001035389,14,55369132,14,54902414,1035389,1031629,rs755556239,NC_000014.9:54902413:C:G,single nucleotide variant,missense variant,Uncertain significance,"Apr 16, 2021","criteria provided, single submitter",,,,,,,
NM_000161.3(GCH1):c.248G>A (p.Gly83Asp),GCH1,G83D,Dystonia 5,VCV004292506,14,55369134,14,54902416,4292506,4405035,,NC_000014.9:54902415:C:T,single nucleotide variant,missense variant,Uncertain significance,"Aug 28, 2024","criteria provided, single submitter",,,,,,,
NM_000161.3(GCH1):c.241T>C (p.Ser81Pro),GCH1,S81P,GTP cyclohydrolase I deficiency|Dystonia 5,VCV001463233,14,55369141,14,54902423,1463233,1511669,rs2140127208,NC_000014.9:54902422:A:G,single nucleotide variant,missense variant,Uncertain significance,"Jul 25, 2021","criteria provided, single submitter",,,,,,,
NM_000161.3(GCH1):c.238A>T (p.Ser80Cys),GCH1,S80C,Inborn genetic diseases|GTP cyclohydrolase I deficiency|Dystonia 5,VCV001464351,14,55369144,14,54902426,1464351,1436022,rs2140127221,NC_000014.9:54902425:T:A,single nucleotide variant,missense variant,Uncertain significance,"Dec 4, 2025","criteria provided, multiple submitters, no conflicts",,,,,,,
NM_000161.3(GCH1):c.234C>G (p.Ile78Met),GCH1,I78M,not provided,VCV000807116,14,55369148,14,54902430,807116,797039,rs747393714,NC_000014.9:54902429:G:C,single nucleotide variant,missense variant,Uncertain significance,"Nov 1, 2019","criteria provided, single submitter",,,,,,,
NM_000161.3(GCH1):c.230C>G (p.Ser77Cys),GCH1,S77C,Dystonia 5|GTP cyclohydrolase I deficiency,VCV000577041,14,55369152,14,54902434,577041,568138,rs748666093,NC_000014.9:54902433:G:C,single nucleotide variant,missense variant,Uncertain significance,"Jan 10, 2024","criteria provided, single submitter",,,,,,,
NM_000161.3(GCH1):c.218C>T (p.Ala73Val),GCH1,A73V,not specified,VCV001684765,14,55369164,14,54902446,1684765,1676792,rs2140127256,NC_000014.9:54902445:G:A,single nucleotide variant,missense variant,Uncertain significance,"May 4, 2022","criteria provided, single submitter",,,,,,,
NM_000161.3(GCH1):c.215C>G (p.Ala72Gly),GCH1,A72G,GTP cyclohydrolase I deficiency|Dystonia 5,VCV001983309,14,55369167,14,54902449,1983309,2046369,rs2504539859,NC_000014.9:54902448:G:C,single nucleotide variant,missense variant,Uncertain significance,"Apr 12, 2022","criteria provided, single submitter",,,,,,,
NM_000161.3(GCH1):c.202C>T (p.Leu68Phe),GCH1,L68F,GTP cyclohydrolase I deficiency|Dystonia 5|not provided,VCV001988062,14,55369180,14,54902462,1988062,2036910,rs2040582582,NC_000014.9:54902461:G:A,single nucleotide variant,missense variant,Uncertain significance,"Nov 13, 2024","criteria provided, multiple submitters, no conflicts",,,,,,,
NM_000161.3(GCH1):c.201C>G (p.Asn67Lys),GCH1,N67K,not provided,VCV004078749,14,55369181,14,54902463,4078749,4193474,,NC_000014.9:54902462:G:C,single nucleotide variant,missense variant,Uncertain significance,"Nov 26, 2024","criteria provided, single submitter",,,,,,,
NM_000161.3(GCH1):c.197T>C (p.Leu66Pro),GCH1,L66P,Dystonia 5|GTP cyclohydrolase I deficiency,VCV001422514,14,55369185,14,54902467,1422514,1416285,rs1042390728,NC_000014.9:54902466:A:G,single nucleotide variant,missense variant,Uncertain significance,"Sep 1, 2021","criteria provided, single submitter",,,,,,,
NM_000161.3(GCH1):c.194A>T (p.Glu65Val),GCH1,E65V,Dystonia 5|GTP cyclohydrolase I deficiency,VCV001443075,14,55369188,14,54902470,1443075,1371962,rs2140127337,NC_000014.9:54902469:T:A,single nucleotide variant,missense variant,Uncertain significance,"Oct 18, 2021","criteria provided, single submitter",,,,,,,
NM_000161.3(GCH1):c.193G>C (p.Glu65Gln),GCH1,E65Q,Dystonia 5|GTP cyclohydrolase I deficiency|Inborn genetic diseases,VCV001372378,14,55369189,14,54902471,1372378,1443623,rs1281386674,NC_000014.9:54902470:C:G,single nucleotide variant,missense variant,Uncertain significance,"Nov 23, 2024","criteria provided, multiple submitters, no conflicts",,,,,,,
NM_000161.3(GCH1):c.188A>G (p.Asp63Gly),GCH1,D63G,not provided,VCV004086285,14,55369194,14,54902476,4086285,4198978,,NC_000014.9:54902475:T:C,single nucleotide variant,missense variant,Uncertain significance,"Mar 20, 2025","criteria provided, single submitter",,,,,,,
NM_000161.3(GCH1):c.187G>A (p.Asp63Asn),GCH1,D63N,Dystonia 5|GTP cyclohydrolase I deficiency,VCV002952005,14,55369195,14,54902477,2952005,3113400,rs1404198001,NC_000014.9:54902476:C:T,single nucleotide variant,missense variant,Uncertain significance,"Sep 17, 2023","criteria provided, single submitter",,,,,,,
NM_000161.3(GCH1):c.186G>T (p.Glu62Asp),GCH1,E62D,Dystonia 5|GTP cyclohydrolase I deficiency,VCV001385903,14,55369196,14,54902478,1385903,1461049,rs752590798,NC_000014.9:54902477:C:A,single nucleotide variant,missense variant,Uncertain significance,"Sep 1, 2021","criteria provided, single submitter",,,,,,,
NM_000161.3(GCH1):c.184G>C (p.Glu62Gln),GCH1,E62Q,not specified,VCV003769077,14,55369198,14,54902480,3769077,3885231,,NC_000014.9:54902479:C:G,single nucleotide variant,missense variant,Uncertain significance,"Jan 15, 2025","criteria provided, single submitter",,,,,,,
NM_000161.3(GCH1):c.175C>G (p.Arg59Gly),GCH1,R59G,GTP cyclohydrolase I deficiency|Dystonia 5,VCV002072725,14,55369207,14,54902489,2072725,2130654,rs753312849,NC_000014.9:54902488:G:C,single nucleotide variant,missense variant,Uncertain significance,"Jul 19, 2024","criteria provided, single submitter",,,,,,,
NM_000161.3(GCH1):c.172C>T (p.Pro58Ser),GCH1,P58S,Dystonia 5|GTP cyclohydrolase I deficiency,VCV001347871,14,55369210,14,54902492,1347871,1391787,rs2040583643,NC_000014.9:54902491:G:A,single nucleotide variant,missense variant,Uncertain significance,"Jun 13, 2022","criteria provided, single submitter",,,,,,,
NM_000161.3(GCH1):c.170G>A (p.Arg57Gln),GCH1,R57Q,GTP cyclohydrolase I deficiency|Dystonia 5,VCV002037851,14,55369212,14,54902494,2037851,2094472,rs756782285,NC_000014.9:54902493:C:T,single nucleotide variant,missense variant,Uncertain significance,"Oct 3, 2023","criteria provided, single submitter",,,,,,,
NM_000161.3(GCH1):c.164G>A (p.Gly55Asp),GCH1,G55D,GTP cyclohydrolase I deficiency|Dystonia 5,VCV002929848,14,55369218,14,54902500,2929848,3094164,rs1464045587,NC_000014.9:54902499:C:T,single nucleotide variant,missense variant,Uncertain significance,"Oct 26, 2025","criteria provided, single submitter",,,,,,,
NM_000161.3(GCH1):c.163G>A (p.Gly55Ser),GCH1,G55S,Dystonia 5|GTP cyclohydrolase I deficiency,VCV001384269,14,55369219,14,54902501,1384269,1348549,rs2140127419,NC_000014.9:54902500:C:T,single nucleotide variant,missense variant,Uncertain significance,"Sep 24, 2021","criteria provided, single submitter",,,,,,,
NM_000161.3(GCH1):c.158G>T (p.Trp53Leu),GCH1,W53L,GTP cyclohydrolase I deficiency|Dystonia 5,VCV003748160,14,55369224,14,54902506,3748160,3864364,,NC_000014.9:54902505:C:A,single nucleotide variant,missense variant,Uncertain significance,"Oct 8, 2024","criteria provided, single submitter",,,,,,,
NM_000161.3(GCH1):c.154G>C (p.Gly52Arg),GCH1,G52R,Dystonia 5|GTP cyclohydrolase I deficiency|not provided,VCV003365781,14,55369228,14,54902510,3365781,3524988,,NC_000014.9:54902509:C:G,single nucleotide variant,missense variant,Uncertain significance,"May 23, 2024","criteria provided, multiple submitters, no conflicts",,,,,,,
NM_000161.3(GCH1):c.154G>T (p.Gly52Cys),GCH1,G52C,GTP cyclohydrolase I deficiency|Dystonia 5,VCV002926221,14,55369228,14,54902510,2926221,3093156,rs375788167,NC_000014.9:54902509:C:A,single nucleotide variant,missense variant,Uncertain significance,"Dec 1, 2025","criteria provided, single submitter",,,,,,,
NM_000161.3(GCH1):c.154G>A (p.Gly52Ser),GCH1,G52S,Dystonia 5|GTP cyclohydrolase I deficiency,VCV002154572,14,55369228,14,54902510,2154572,1885539,rs375788167,NC_000014.9:54902509:C:T,single nucleotide variant,missense variant,Uncertain significance,"Sep 1, 2022","criteria provided, single submitter",,,,,,,
NM_000161.3(GCH1):c.153C>A (p.Asp51Glu),GCH1,D51E,not provided|Dystonia 5|GTP cyclohydrolase I deficiency,VCV000392567,14,55369229,14,54902511,392567,374271,rs745516526,NC_000014.9:54902510:G:T,single nucleotide variant,missense variant,Uncertain significance,"Oct 2, 2025","criteria provided, multiple submitters, no conflicts",,,,,,,
NM_000161.3(GCH1):c.146C>T (p.Pro49Leu),GCH1,P49L,Inborn genetic diseases,VCV003853217,14,55369236,14,54902518,3853217,3970459,,NC_000014.9:54902517:G:A,single nucleotide variant,missense variant,Uncertain significance,"Feb 7, 2025","criteria provided, single submitter",,,,,,,
NM_000161.3(GCH1):c.146C>A (p.Pro49His),GCH1,P49H,GTP cyclohydrolase I deficiency|Dystonia 5,VCV003753941,14,55369236,14,54902518,3753941,3872221,,NC_000014.9:54902517:G:T,single nucleotide variant,missense variant,Uncertain significance,"Sep 2, 2025","criteria provided, single submitter",,,,,,,
NM_000161.3(GCH1):c.145C>T (p.Pro49Ser),GCH1,P49S,Dystonia 5|GTP cyclohydrolase I deficiency,VCV002925684,14,55369237,14,54902519,2925684,3082679,rs573085618,NC_000014.9:54902518:G:A,single nucleotide variant,missense variant,Uncertain significance,"Nov 6, 2024","criteria provided, single submitter",,,,,,,
NM_000161.3(GCH1):c.140C>T (p.Ala47Val),GCH1,A47V,Dystonia 5|GTP cyclohydrolase I deficiency,VCV002926692,14,55369242,14,54902524,2926692,3090163,rs2040584415,NC_000014.9:54902523:G:A,single nucleotide variant,missense variant,Uncertain significance,"Sep 6, 2023","criteria provided, single submitter",,,,,,,
NM_000161.3(GCH1):c.140C>A (p.Ala47Glu),GCH1,A47E,GTP cyclohydrolase I deficiency|Dystonia 5,VCV001467480,14,55369242,14,54902524,1467480,1356987,rs2040584415,NC_000014.9:54902523:G:T,single nucleotide variant,missense variant,Uncertain significance,"Mar 22, 2021","criteria provided, single submitter",,,,,,,
NM_000161.3(GCH1):c.138C>A (p.Ser46Arg),GCH1,S46R,Dystonia 5|GTP cyclohydrolase I deficiency|Dystonia 5,VCV002949710,14,55369244,14,54902526,2949710,3109208,rs1239964950,NC_000014.9:54902525:G:T,single nucleotide variant,missense variant,Uncertain significance,"Jul 9, 2023","criteria provided, multiple submitters, no conflicts",,,,,,,
NM_000161.3(GCH1):c.137G>A (p.Ser46Asn),GCH1,S46N,Dystonia 5|GTP cyclohydrolase I deficiency,VCV002118236,14,55369245,14,54902527,2118236,2176018,rs2504540653,NC_000014.9:54902526:C:T,single nucleotide variant,missense variant,Uncertain significance,"Mar 27, 2022","criteria provided, single submitter",,,,,,,
NM_000161.3(GCH1):c.131C>T (p.Ala44Val),GCH1,A44V,GTP cyclohydrolase I deficiency|Dystonia 5,VCV004789548,14,55369251,14,54902533,4789548,4895686,,NC_000014.9:54902532:G:A,single nucleotide variant,missense variant,Uncertain significance,"Jan 26, 2026","criteria provided, single submitter",,,,,,,
NM_000161.3(GCH1):c.119C>G (p.Pro40Arg),GCH1|LOC130055692,P40R,Inborn genetic diseases|GTP cyclohydrolase I deficiency|Dystonia 5,VCV000459898,14,55369263,14,54902545,459898,463836,rs995999325,NC_000014.9:54902544:G:C,single nucleotide variant,missense variant,Uncertain significance,"Oct 26, 2022","criteria provided, multiple submitters, no conflicts",,,,,,,
NM_000161.3(GCH1):c.115C>A (p.Pro39Thr),GCH1|LOC130055692,P39T,GTP cyclohydrolase I deficiency|Dystonia 5,VCV001520609,14,55369267,14,54902549,1520609,1355968,rs770932357,NC_000014.9:54902548:G:T,single nucleotide variant,missense variant,Uncertain significance,"Mar 19, 2022","criteria provided, single submitter",,,,,,,
NM_000161.3(GCH1):c.107C>T (p.Ala36Val),GCH1|LOC130055692,A36V,GTP cyclohydrolase I deficiency|Dystonia 5,VCV004793262,14,55369275,14,54902557,4793262,4904495,,NC_000014.9:54902556:G:A,single nucleotide variant,missense variant,Uncertain significance,"Feb 6, 2025","criteria provided, single submitter",,,,,,,
NM_000161.3(GCH1):c.97A>T (p.Ser33Cys),GCH1|LOC130055692,S33C,Dystonia 5|GTP cyclohydrolase I deficiency,VCV001508497,14,55369285,14,54902567,1508497,1439708,rs1373130817,NC_000014.9:54902566:T:A,single nucleotide variant,missense variant,Uncertain significance,"Dec 6, 2023","criteria provided, single submitter",,,,,,,
NM_000161.3(GCH1):c.92G>T (p.Gly31Val),GCH1|LOC130055692,G31V,GCH1-related disorder,VCV003050919,14,55369290,14,54902572,3050919,3212904,rs1463121244,NC_000014.9:54902571:C:A,single nucleotide variant,missense variant,Uncertain significance,"Jan 30, 2024",no assertion criteria provided,,,,,,,
NM_000161.3(GCH1):c.91G>C (p.Gly31Arg),GCH1|LOC130055692,G31R,GTP cyclohydrolase I deficiency|Dystonia 5,VCV002941134,14,55369291,14,54902573,2941134,3097007,rs2040585757,NC_000014.9:54902572:C:G,single nucleotide variant,missense variant,Uncertain significance,"Oct 30, 2022","criteria provided, single submitter",,,,,,,
NM_000161.3(GCH1):c.89C>G (p.Pro30Arg),GCH1|LOC130055692,P30R,Dystonia 5|GTP cyclohydrolase I deficiency,VCV001360090,14,55369293,14,54902575,1360090,1473963,rs1477733062,NC_000014.9:54902574:G:C,single nucleotide variant,missense variant,Uncertain significance,"Oct 2, 2025","criteria provided, single submitter",,,,,,,
NM_000161.3(GCH1):c.88C>T (p.Pro30Ser),GCH1|LOC130055692,P30S,GTP cyclohydrolase I deficiency|Dystonia 5,VCV004786906,14,55369294,14,54902576,4786906,4900484,,NC_000014.9:54902575:G:A,single nucleotide variant,missense variant,Uncertain significance,"Feb 2, 2026","criteria provided, single submitter",,,,,,,
NM_000161.3(GCH1):c.83C>T (p.Pro28Leu),LOC130055692|GCH1,P28L,Dystonia 5|GTP cyclohydrolase I deficiency|not provided,VCV001426335,14,55369299,14,54902581,1426335,1450942,rs774568081,NC_000014.9:54902580:G:A,single nucleotide variant,missense variant,Uncertain significance,"May 12, 2025","criteria provided, multiple submitters, no conflicts",,,,,,,
NM_000161.3(GCH1):c.82C>T (p.Pro28Ser),GCH1|LOC130055692,P28S,GTP cyclohydrolase I deficiency|Dystonia 5,VCV002088570,14,55369300,14,54902582,2088570,2151644,rs759709001,NC_000014.9:54902581:G:A,single nucleotide variant,missense variant,Uncertain significance,"Oct 22, 2025","criteria provided, single submitter",,,,,,,
NM_000161.3(GCH1):c.80C>T (p.Pro27Leu),GCH1|LOC130055692,P27L,Dystonia 5|GTP cyclohydrolase I deficiency,VCV003750694,14,55369302,14,54902584,3750694,3871574,,NC_000014.9:54902583:G:A,single nucleotide variant,missense variant,Uncertain significance,"Mar 6, 2024","criteria provided, single submitter",,,,,,,
NM_000161.3(GCH1):c.73C>T (p.Arg25Trp),GCH1|LOC130055692,R25W,Dystonia 5|GTP cyclohydrolase I deficiency,VCV002182754,14,55369309,14,54902591,2182754,1920560,rs2040586271,NC_000014.9:54902590:G:A,single nucleotide variant,missense variant,Uncertain significance,"Jun 4, 2024","criteria provided, single submitter",,,,,,,
NM_000161.3(GCH1):c.72G>T (p.Glu24Asp),GCH1|LOC130055692,E24D,GTP cyclohydrolase I deficiency|Dystonia 5,VCV003752135,14,55369310,14,54902592,3752135,3875454,,NC_000014.9:54902591:C:A,single nucleotide variant,missense variant,Uncertain significance,"Aug 24, 2024","criteria provided, single submitter",,,,,,,
NM_000161.3(GCH1):c.61G>T (p.Gly21Trp),GCH1|LOC130055692,G21W,GTP cyclohydrolase I deficiency|Dystonia 5,VCV003763863,14,55369321,14,54902603,3763863,3878614,,NC_000014.9:54902602:C:A,single nucleotide variant,missense variant,Uncertain significance,"Jun 11, 2025","criteria provided, single submitter",,,,,,,
NM_000161.3(GCH1):c.59A>G (p.Asn20Ser),GCH1|LOC130055692,N20S,not provided|GTP cyclohydrolase I deficiency|Dystonia 5,VCV001193688,14,55369323,14,54902605,1193688,1184898,rs2040586742,NC_000014.9:54902604:T:C,single nucleotide variant,missense variant,Uncertain significance,"Dec 10, 2025","criteria provided, multiple submitters, no conflicts",,,,,,,
NM_000161.3(GCH1):c.53G>A (p.Cys18Tyr),GCH1|LOC130055692,C18Y,GTP cyclohydrolase I deficiency|Dystonia 5,VCV004783349,14,55369329,14,54902611,4783349,4899466,,NC_000014.9:54902610:C:T,single nucleotide variant,missense variant,Uncertain significance,"Mar 1, 2025","criteria provided, single submitter",,,,,,,
NM_000161.3(GCH1):c.43G>A (p.Gly15Ser),GCH1|LOC130055692,G15S,Dystonia 5|GTP cyclohydrolase I deficiency,VCV002140614,14,55369339,14,54902621,2140614,1878988,rs1214036983,NC_000014.9:54902620:C:T,single nucleotide variant,missense variant,Uncertain significance,"Apr 29, 2024","criteria provided, single submitter",,,,,,,
NM_000161.3(GCH1):c.28G>A (p.Ala10Thr),GCH1|LOC130055692,A10T,Dystonia 5|GTP cyclohydrolase I deficiency,VCV003763313,14,55369354,14,54902636,3763313,3880233,,NC_000014.9:54902635:C:T,single nucleotide variant,missense variant,Uncertain significance,"Feb 21, 2024","criteria provided, single submitter",,,,,,,
NM_000161.3(GCH1):c.25C>T (p.Pro9Ser),GCH1|LOC130055692,P9S,GTP cyclohydrolase I deficiency|Dystonia 5,VCV002932919,14,55369357,14,54902639,2932919,3084678,rs1248808303,NC_000014.9:54902638:G:A,single nucleotide variant,missense variant,Uncertain significance,"Jul 25, 2023","criteria provided, single submitter",,,,,,,
NM_000161.3(GCH1):c.22G>C (p.Ala8Pro),GCH1|LOC130055692,A8P,GTP cyclohydrolase I deficiency|Dystonia 5,VCV001464467,14,55369360,14,54902642,1464467,1446012,rs529381971,NC_000014.9:54902641:C:G,single nucleotide variant,missense variant,Uncertain significance,"Sep 1, 2022","criteria provided, single submitter",,,,,,,
NM_000161.3(GCH1):c.22G>T (p.Ala8Ser),GCH1|LOC130055692,A8S,Dystonia 5|GTP cyclohydrolase I deficiency,VCV000966562,14,55369360,14,54902642,966562,957239,rs529381971,NC_000014.9:54902641:C:A,single nucleotide variant,missense variant,Uncertain significance,"Feb 3, 2022","criteria provided, single submitter",,,,,,,
NM_000161.3(GCH1):c.22G>A (p.Ala8Thr),GCH1|LOC130055692,A8T,Inborn genetic diseases|not provided|Dystonia 5|GTP cyclohydrolase I deficiency,VCV000585905,14,55369360,14,54902642,585905,577351,rs529381971,NC_000014.9:54902641:C:T,single nucleotide variant,missense variant,Uncertain significance,"Jul 25, 2024","criteria provided, multiple submitters, no conflicts",,,,,,,
NM_000161.3(GCH1):c.19C>T (p.Arg7Trp),GCH1|LOC130055692,R7W,not provided,VCV002504993,14,55369363,14,54902645,2504993,2669960,rs1167936240,NC_000014.9:54902644:G:A,single nucleotide variant,missense variant,Uncertain significance,"Dec 2, 2022","criteria provided, single submitter",,,,,,,
NM_000161.3(GCH1):c.16G>T (p.Val6Leu),GCH1|LOC130055692,V6L,GTP cyclohydrolase I deficiency with hyperphenylalaninemia|Dystonia 5|GTP cyclohydrolase I deficiency|Dystonia 5,VCV001431041,14,55369366,14,54902648,1431041,1467717,rs1413964407,NC_000014.9:54902647:C:A,single nucleotide variant,missense variant,Uncertain significance,"Aug 1, 2025","criteria provided, multiple submitters, no conflicts",,,,,,,
NM_000161.3(GCH1):c.13C>G (p.Pro5Ala),GCH1|LOC130055692,P5A,Dystonia 5|GTP cyclohydrolase I deficiency,VCV000939309,14,55369369,14,54902651,939309,936640,rs2040587976,NC_000014.9:54902650:G:C,single nucleotide variant,missense variant,Uncertain significance,"May 18, 2019","criteria provided, single submitter",,,,,,,
NM_000161.3(GCH1):c.11G>A (p.Gly4Asp),GCH1|LOC130055692,G4D,not provided|Dystonia 5|GTP cyclohydrolase I deficiency,VCV001331138,14,55369371,14,54902653,1331138,1321813,rs2140127797,NC_000014.9:54902652:C:T,single nucleotide variant,missense variant,Uncertain significance,"Jan 9, 2023","criteria provided, multiple submitters, no conflicts",,,,,,,
NM_000161.3(GCH1):c.10G>A (p.Gly4Ser),GCH1|LOC130055692,G4S,Inborn genetic diseases|Dystonia 5|GTP cyclohydrolase I deficiency|not provided,VCV002432081,14,55369372,14,54902654,2432081,2412590,rs764013857,NC_000014.9:54902653:C:T,single nucleotide variant,missense variant,Uncertain significance,"Dec 9, 2023","criteria provided, multiple submitters, no conflicts",,,,,,,
NM_000161.3(GCH1):c.4G>A (p.Glu2Lys),GCH1|LOC130055692,E2K,not provided,VCV001694720,14,55369378,14,54902660,1694720,1687152,rs2140127817,NC_000014.9:54902659:C:T,single nucleotide variant,missense variant,Uncertain significance,"May 1, 2022","criteria provided, single submitter",,,,,,,
